<?xml version="1.0" encoding="utf-8"?>
<VugenScriptMetadata>
  <ScriptName>UC1_BuyTicket2</ScriptName>
  <Protocol>Web - HTTP/HTML</Protocol>
  <ActionFiles>
    <FileEntry Name="vuser_init.c" Filter="2" />
    <FileEntry Name="Action.c" Filter="2" />
    <FileEntry Name="vuser_end.c" Filter="2" />
  </ActionFiles>
  <GeneralFiles>
    <FileEntry Name="UC1_BuyTicket2.usr" Filter="4" />
    <FileEntry Name="default.cfg" Filter="4" />
    <FileEntry Name="default.usp" Filter="4" />
    <FileEntry Name="UC1_BuyTicket2.prm" Filter="2" />
    <FileEntry Name="globals.h" Filter="2" />
    <FileEntry Name="NewParam(1).dat" Filter="2" />
    <FileEntry Name="NewParam_1.dat" Filter="2" />
    <FileEntry Name="arrive.dat" Filter="2" />
    <FileEntry Name="NewParam_1(1).dat" Filter="2" />
    <FileEntry Name="NewParam.dat" Filter="2" />
    <FileEntry Name="returndate.dat" Filter="2" />
    <FileEntry Name="numpassengers.dat" Filter="2" />
    <FileEntry Name="seatpref.dat" Filter="2" />
    <FileEntry Name="seattype.dat" Filter="2" />
    <FileEntry Name="combined_UC1_BuyTicket2.c" Filter="2" />
    <FileEntry Name="pre_cci.c" Filter="2" />
    <FileEntry Name="112947525440.idx" Filter="1" />
    <FileEntry Name="132909923440.idx" Filter="1" />
    <FileEntry Name="219285849440.idx" Filter="1" />
    <FileEntry Name="25554459440.idx" Filter="1" />
    <FileEntry Name="264109412440.idx" Filter="1" />
    <FileEntry Name="42142182440.idx" Filter="1" />
    <FileEntry Name="56119890440.idx" Filter="1" />
    <FileEntry Name="79579652440.idx" Filter="1" />
    <FileEntry Name="88147169440.idx" Filter="1" />
    <FileEntry Name="Bookmarks.xml" Filter="1" />
    <FileEntry Name="Breakpoints.xml" Filter="1" />
    <FileEntry Name="CompilerLogMetadata.xml" Filter="1" />
    <FileEntry Name="custom_body_variables.txt" Filter="1" />
    <FileEntry Name="data.zip" Filter="1" />
    <FileEntry Name="logfile.log" Filter="1" />
    <FileEntry Name="lrw_custom_body.h" Filter="1" />
    <FileEntry Name="mdrv.log" Filter="1" />
    <FileEntry Name="mdrv_cmd.txt" Filter="1" />
    <FileEntry Name="options.txt" Filter="1" />
    <FileEntry Name="output.bak" Filter="1" />
    <FileEntry Name="output.txt" Filter="1" />
    <FileEntry Name="OutputColoringDatabase.json" Filter="1" />
    <FileEntry Name="ReplaySummaryReport.xml" Filter="1" />
    <FileEntry Name="ScriptUploadMetadata.xml" Filter="1" />
    <FileEntry Name="ThumbnailsCache.tmp" Filter="1" />
    <FileEntry Name="TransactionsData.db" Filter="1" />
    <FileEntry Name="UC1_BuyTicket2.c.pickle" Filter="1" />
    <FileEntry Name="UC1_BuyTicket2.ci" Filter="1" />
    <FileEntry Name="UC1_BuyTicket2.prm.bak" Filter="1" />
    <FileEntry Name="UserTasks.xml" Filter="1" />
    <FileEntry Name="data\" Filter="1" />
    <FileEntry Name="result1\" Filter="1" />
  </GeneralFiles>
</VugenScriptMetadata>